call_id	shift_id	icecream_van_id	latitude	longitude	latitude_gps	longitude_gps	nr_of_people	address_zipcode	address_city	address_country	deadline	was_close	created_at	updated_at
656511	NULL	NULL	51.123	4.114	NULL	NULL	3-4	9260	Waasmunster	België	2026-05-02 14:00:00	0	2026-05-02 08:49:35	2026-05-02 08:49:35
656515	NULL	NULL	51.175	4.122	51.175	4.122	1-2	9100	Sint-Niklaas	België	2026-05-02 12:00:00	0	2026-05-02 10:02:53	2026-05-02 10:02:53
656526	NULL	NULL	51.175	4.122	51.175	4.122	1-2	9100	Sint-Niklaas	België	2026-05-02 12:00:00	0	2026-05-02 11:04:19	2026-05-02 11:04:19
656530	NULL	NULL	51.177	4.135	51.177	4.135	3-4	9100	Sint-Niklaas	België	2026-05-02 11:30:00	1	2026-05-02 11:09:18	2026-05-02 11:09:18
656532	NULL	NULL	51.047	4.203	NULL	NULL	3-4	2890	Sint-Amands	België	2026-05-02 14:00:00	0	2026-05-02 11:11:32	2026-05-02 11:11:32
656533	NULL	NULL	51.179	4.138	51.179	4.14	5-6	9100	Sint-Niklaas	België	2026-05-02 11:30:00	1	2026-05-02 11:14:01	2026-05-02 11:14:01
656539	168150	11	51.22	4.191	51.213	4.252	3-4	9120	Beveren Kruibeke Zwijndrecht (Vrasene)	België	2026-05-02 12:30:00	1	2026-05-02 11:20:59	2026-05-02 11:22:03
656542	NULL	NULL	51.062	4.037	51.062	4.037	1-2	9240	Zele	België	2026-05-02 11:30:00	1	2026-05-02 11:23:07	2026-05-02 11:23:07
656545	168163	13	51.113	4.001	51.113	4.001	1-2	9160	Lokeren	België	2026-05-02 11:30:00	1	2026-05-02 11:23:27	2026-05-02 11:28:51
656549	168150	11	51.22	4.189	51.22	4.189	1-2	9120	Beveren-Kruibeke-Zwijndrecht	België	2026-05-02 11:30:00	1	2026-05-02 11:25:30	2026-05-02 11:29:23
656551	168133	103	51.108	3.963	NULL	NULL	3-4	9160	Lokeren	België	2026-05-02 17:00:00	0	2026-05-02 11:26:48	2026-05-02 14:13:02
656568	NULL	NULL	51.08	4.286	51.08	4.286	3-4	2870	Puurs-Sint-Amands	België	2026-05-02 14:00:00	0	2026-05-02 11:39:05	2026-05-02 11:39:05
656578	168186	14	51.156	4.3	NULL	NULL	9-10	9150	Kruibeke	België	2026-05-02 12:30:00	0	2026-05-02 11:49:31	2026-05-02 12:13:33
656579	NULL	NULL	51.171	4.148	51.171	4.148	1-2	9100	Sint-Niklaas	België	2026-05-02 12:30:00	1	2026-05-02 11:49:46	2026-05-02 11:49:46
656582	NULL	NULL	51.155	4.14	51.156	4.141	3-4	9100	Sint-Niklaas	België	2026-05-02 13:00:00	0	2026-05-02 11:50:58	2026-05-02 11:50:58
656583	NULL	NULL	51.069	4.081	NULL	NULL	1-2	9240	Zele	België	2026-05-02 15:00:00	0	2026-05-02 11:52:24	2026-05-02 11:52:24
656585	NULL	NULL	51.179	4.146	51.179	4.146	3-4	9100	Sint-Niklaas	België	2026-05-02 13:30:00	1	2026-05-02 11:53:06	2026-05-02 11:53:06
656593	NULL	NULL	51.116	4.163	51.116	4.163	3-4	9140	Temse	België	2026-05-02 12:00:00	0	2026-05-02 12:00:05	2026-05-02 12:00:05
656596	168188	5	51.046	4.098	51.046	4.098	3-4	9200	Dendermonde	België	2026-05-02 14:30:00	0	2026-05-02 12:04:19	2026-05-02 12:44:22
656598	168213	11	51.215	4.093	NULL	NULL	10+	9170	Sint-Gillis-Waas	Belgium	2026-05-02 13:45:00	0	2026-05-02 12:05:06	2026-05-02 15:11:07
656603	168189	10	51.06	4.037	51.06	4.037	1-2	9240	Zele	België	2026-05-02 12:30:00	1	2026-05-02 12:07:27	2026-05-02 12:30:25
656605	NULL	NULL	51.115	4.163	51.115	4.162	1-2	9140	Temse	België	2026-05-02 12:30:00	0	2026-05-02 12:08:02	2026-05-02 12:08:02
656608	168197	6	50.998	4.147	50.998	4.147	3-4	9280	Lebbeke	België	2026-05-02 14:00:00	1	2026-05-02 12:11:01	2026-05-02 12:13:12
656615	168198	8	51.125	4.273	51.125	4.273	1-2	9140	Temse	België	2026-05-02 15:00:00	0	2026-05-02 12:15:52	2026-05-02 12:21:38
656618	NULL	NULL	51.132	4.204	51.132	4.204	3-4	9140	Temse	België	2026-05-02 13:30:00	1	2026-05-02 12:17:41	2026-05-02 12:17:41
656621	NULL	NULL	51.091	4.252	NULL	NULL	10+	2880	Bornem	België	2026-05-02 14:00:00	0	2026-05-02 12:22:23	2026-05-02 12:22:23
656622	NULL	NULL	51.061	4.035	51.061	4.035	3-4	9240	Zele	België	2026-05-02 12:30:00	1	2026-05-02 12:23:02	2026-05-02 12:23:02
656628	NULL	NULL	51.218	4.263	NULL	NULL	1-2	9120	Beveren	België	2026-05-02 14:45:00	0	2026-05-02 12:26:30	2026-05-02 12:26:30
656629	NULL	NULL	51.109	4.011	51.109	4.011	3-4	9160	Lokeren	België	2026-05-02 12:30:00	1	2026-05-02 12:26:54	2026-05-02 12:26:54
656630	NULL	NULL	51.059	4.015	51.059	4.015	7-8	9240	Zele	België	2026-05-02 15:00:00	0	2026-05-02 12:27:34	2026-05-02 12:27:34
656632	NULL	NULL	51.126	3.98	51.126	3.98	5-6	9160	Lokeren	België	2026-05-02 15:00:00	0	2026-05-02 12:28:24	2026-05-02 12:28:24
656633	NULL	NULL	51.1	4.245	51.1	4.245	3-4	2880	Bornem	België	2026-05-02 14:00:00	0	2026-05-02 12:30:08	2026-05-02 12:30:08
656636	NULL	NULL	51.104	3.905	51.104	3.905	1-2	9160	Lokeren	België	2026-05-02 14:30:00	0	2026-05-02 12:31:42	2026-05-02 12:31:42
656638	168133	103	51.091	3.984	51.091	3.984	3-4	9160	Lokeren	België	2026-05-02 13:00:00	1	2026-05-02 12:32:39	2026-05-02 12:33:41
656639	168133	103	51.091	3.986	51.091	3.986	3-4	9160	Lokeren	België	2026-05-02 13:00:00	1	2026-05-02 12:33:07	2026-05-02 12:45:18
656641	168189	10	51.066	3.988	NULL	NULL	3-4	9240	Zele	België	2026-05-02 18:00:00	0	2026-05-02 12:34:12	2026-05-02 15:35:59
656646	NULL	NULL	51.175	4.122	51.175	4.122	1-2	9100	Sint-Niklaas	België	2026-05-02 13:00:00	0	2026-05-02 12:34:53	2026-05-02 12:34:53
656654	NULL	NULL	51.106	3.964	51.106	3.964	1-2	9160	Lokeren	België	2026-05-02 13:30:00	0	2026-05-02 12:38:02	2026-05-02 12:38:02
656658	NULL	NULL	51.062	4.038	51.062	4.038	5-6	9240	Zele	België	2026-05-02 13:00:00	1	2026-05-02 12:39:15	2026-05-02 12:39:15
656661	NULL	NULL	51.017	4.112	NULL	NULL	3-4	9200	Dendermonde	België	2026-05-02 13:00:00	0	2026-05-02 12:42:05	2026-05-02 12:42:05
656662	168188	5	51.057	4.086	51.057	4.086	3-4	9200	Dendermonde	België	2026-05-02 14:45:00	0	2026-05-02 12:42:16	2026-05-02 13:04:29
656666	168189	10	51.06	4.031	51.06	4.031	1-2	9240	Zele	België	2026-05-02 13:15:00	1	2026-05-02 12:44:45	2026-05-02 12:45:33
656669	168189	10	51.061	4.03	51.061	4.03	1-2	9240	Zele	België	2026-05-02 13:00:00	1	2026-05-02 12:45:50	2026-05-02 12:46:53
656671	NULL	NULL	51.171	4.28	51.171	4.28	1-2	9150	Beveren-Kruibeke-Zwijndrecht	België	2026-05-02 13:30:00	0	2026-05-02 12:46:43	2026-05-02 12:46:43
656680	NULL	NULL	51.069	4.027	51.069	4.027	5-6	9240	Zele	België	2026-05-02 15:30:00	1	2026-05-02 12:53:05	2026-05-02 12:53:05
656686	NULL	NULL	51.182	4.163	NULL	NULL	1-2	9100	Sint-Niklaas	België	2026-05-02 14:00:00	1	2026-05-02 12:57:51	2026-05-02 12:57:51
656693	NULL	NULL	51.102	3.997	NULL	NULL	3-4	9160	lokeren	België	2026-05-02 13:45:00	1	2026-05-02 13:01:48	2026-05-02 13:01:48
656695	NULL	NULL	51.123	4.114	NULL	NULL	3-4	9260	Waasmunster	België	2026-05-02 16:00:00	0	2026-05-02 13:02:20	2026-05-02 13:02:20
656700	168194	34	51.174	4.127	51.174	4.127	3-4	9100	Sint-Niklaas	België	2026-05-02 13:30:00	1	2026-05-02 13:03:52	2026-05-02 13:13:55
656701	168195	102	51.219	4.337	NULL	NULL	1-2	2070	Zwijndrecht	België	2026-05-02 16:00:00	0	2026-05-02 13:04:03	2026-05-02 13:09:58
656706	NULL	NULL	51.034	4.086	51.034	4.086	1-2	9200	Dendermonde	België	2026-05-02 13:30:00	0	2026-05-02 13:07:08	2026-05-02 13:07:08
656708	168213	11	51.215	4.093	NULL	NULL	10+	9170	Sint-Gillis-Waas	Belgium	2026-05-02 13:45:00	0	2026-05-02 13:07:25	2026-05-02 15:11:09
656710	NULL	NULL	51.166	4.118	NULL	NULL	1-2	9111	Belsele	België	2026-05-02 14:30:00	0	2026-05-02 13:08:46	2026-05-02 13:08:46
656712	NULL	NULL	51.072	4.025	51.072	4.026	3-4	9240	Zele	België	2026-05-02 13:30:00	0	2026-05-02 13:10:02	2026-05-02 13:10:02
656714	168195	102	51.214	4.317	51.214	4.317	1-2	2070	Beveren-Kruibeke-Zwijndrecht	België	2026-05-02 16:00:00	0	2026-05-02 13:10:34	2026-05-02 14:08:58
656722	168188	5	51.043	4.103	51.043	4.103	3-4	9200	Dendermonde	België	2026-05-02 13:45:00	0	2026-05-02 13:15:26	2026-05-02 14:16:17
656724	168188	5	51.048	4.095	51.048	4.095	1-2	9200	Dendermonde	België	2026-05-02 13:30:00	0	2026-05-02 13:16:18	2026-05-02 13:44:06
656726	168188	5	51.056	4.086	51.056	4.086	3-4	9200	Dendermonde	België	2026-05-02 14:00:00	1	2026-05-02 13:18:36	2026-05-02 14:52:17
656727	168213	11	51.207	4.078	51.207	4.078	10+	9190	Stekene	België	2026-05-02 14:30:00	0	2026-05-02 13:19:02	2026-05-02 14:16:01
656728	NULL	NULL	51.2	4.342	51.2	4.342	1-2	2070	Beveren-Kruibeke-Zwijndrecht	België	2026-05-02 19:00:00	0	2026-05-02 13:19:24	2026-05-02 13:19:24
656734	NULL	NULL	51.092	4.248	51.092	4.248	1-2	2880	Bornem	België	2026-05-02 14:00:00	0	2026-05-02 13:23:40	2026-05-02 13:23:40
656737	NULL	NULL	51.219	4.338	NULL	NULL	3-4	2070	Zwijndrecht	België	2026-05-02 14:00:00	0	2026-05-02 13:24:11	2026-05-02 13:24:11
656741	168188	5	51.02	4.125	NULL	NULL	7-8	9200	Dendermonde	België	2026-05-02 14:30:00	0	2026-05-02 13:24:24	2026-05-02 15:37:21
656743	168188	5	51.043	4.103	51.057	4.113	3-4	9200	Dendermonde	België	2026-05-02 14:15:00	0	2026-05-02 13:24:33	2026-05-02 14:03:27
656746	168197	6	51.006	4.131	51.006	4.131	1-2	9280	Lebbeke	België	2026-05-02 16:00:00	0	2026-05-02 13:26:55	2026-05-02 15:27:49
656750	NULL	NULL	51.115	4.163	51.115	4.162	1-2	9140	Temse	België	2026-05-02 13:30:00	0	2026-05-02 13:27:19	2026-05-02 13:27:19
656753	NULL	NULL	51.145	4.29	51.145	4.291	5-6	9150	Beveren-Kruibeke-Zwijndrecht	België	2026-05-02 14:00:00	0	2026-05-02 13:28:46	2026-05-02 13:28:46
656754	168189	10	51.062	4.03	51.062	4.03	3-4	9240	Zele	België	2026-05-02 14:30:00	1	2026-05-02 13:28:46	2026-05-02 14:06:44
656761	NULL	NULL	50.989	4.156	50.989	4.156	1-2	9280	Lebbeke	België	2026-05-02 15:00:00	0	2026-05-02 13:35:22	2026-05-02 13:35:22
656764	168198	8	51.136	4.275	51.135	4.275	3-4	9150	Temse	België	2026-05-02 14:00:00	1	2026-05-02 13:36:08	2026-05-02 13:37:26
656766	NULL	NULL	50.996	4.168	50.996	4.168	1-2	9280	Lebbeke	België	2026-05-02 14:45:00	0	2026-05-02 13:38:03	2026-05-02 13:38:03
656767	168189	10	51.062	4.026	51.062	4.026	1-2	9240	Zele	België	2026-05-02 13:45:00	1	2026-05-02 13:38:10	2026-05-02 13:44:01
656770	NULL	NULL	51.122	4.112	51.122	4.112	3-4	9250	Waasmunster	België	2026-05-02 15:45:00	0	2026-05-02 13:39:33	2026-05-02 13:39:33
656773	NULL	NULL	51.292	4.17	51.292	4.17	1-2	9130	Beveren-Kruibeke-Zwijndrecht	België	2026-05-02 18:00:00	0	2026-05-02 13:41:09	2026-05-02 13:41:09
656774	NULL	NULL	51.199	4.297	51.199	4.297	3-4	9120	Beveren-Kruibeke-Zwijndrecht	België	2026-05-02 15:00:00	0	2026-05-02 13:41:18	2026-05-02 13:41:18
656775	NULL	NULL	51.16	4.143	51.16	4.143	1-2	9100	Sint-Niklaas	België	2026-05-02 14:00:00	0	2026-05-02 13:41:19	2026-05-02 13:41:19
656776	168213	11	51.207	4.078	51.207	4.078	7-8	9190	Stekene	België	2026-05-02 14:00:00	0	2026-05-02 13:41:52	2026-05-02 14:15:59
656778	168195	102	51.209	4.349	51.209	4.349	3-4	2070	Beveren-Kruibeke-Zwijndrecht	België	2026-05-02 20:00:00	0	2026-05-02 13:42:56	2026-05-02 16:17:02
656780	168195	102	51.209	4.349	51.209	4.349	3-4	2070	Beveren-Kruibeke-Zwijndrecht	België	2026-05-02 19:00:00	0	2026-05-02 13:43:18	2026-05-02 14:35:45
656785	168194	34	51.155	4.14	51.156	4.141	3-4	9100	Sint-Niklaas	België	2026-05-02 15:00:00	0	2026-05-02 13:44:49	2026-05-02 14:48:54
656786	NULL	NULL	51.069	4.081	51.069	4.081	10+	9240	Zele	België	2026-05-02 14:00:00	0	2026-05-02 13:44:51	2026-05-02 13:44:51
656787	NULL	NULL	50.988	4.14	NULL	NULL	3-4	9280	Lebbeke	België	2026-05-02 14:00:00	0	2026-05-02 13:45:29	2026-05-02 13:45:29
656788	NULL	NULL	51.073	4.059	51.073	4.059	3-4	9240	Zele	België	2026-05-02 19:00:00	0	2026-05-02 13:45:38	2026-05-02 13:45:38
656791	NULL	NULL	51.06	4.017	51.06	4.017	3-4	9240	Zele	België	2026-05-02 14:30:00	1	2026-05-02 13:47:16	2026-05-02 13:47:16
656792	168188	5	51.048	4.095	51.048	4.095	1-2	9200	Dendermonde	België	2026-05-02 14:00:00	1	2026-05-02 13:47:59	2026-05-02 14:31:30
656794	NULL	NULL	51.017	4.112	NULL	NULL	3-4	9200	Dendermonde	België	2026-05-02 14:00:00	1	2026-05-02 13:48:26	2026-05-02 13:48:26
656795	168198	8	51.128	4.292	NULL	NULL	3-4	9150	Rupelmonde	België	2026-05-02 17:30:00	0	2026-05-02 13:50:36	2026-05-02 14:33:32
656799	NULL	NULL	51.094	4.157	51.099	4.132	10+	9220	Hamme	België	2026-05-02 14:45:00	0	2026-05-02 13:52:37	2026-05-02 13:52:37
656802	168163	13	51.106	3.973	NULL	NULL	3-4	9160	Lokeren	België	2026-05-02 15:15:00	0	2026-05-02 13:55:20	2026-05-02 14:36:42
656807	168240	5	51.031	4.115	51.031	4.115	1-2	9200	Dendermonde	België	2026-05-02 18:00:00	1	2026-05-02 14:00:06	2026-05-02 18:31:20
656808	NULL	NULL	51.063	4.035	51.063	4.035	3-4	9240	Zele	België	2026-05-02 14:30:00	1	2026-05-02 14:00:06	2026-05-02 14:00:06
656809	NULL	NULL	51.027	4.119	NULL	NULL	1-2	9200	Sint gillis dendermonde	België	2026-05-02 14:00:00	1	2026-05-02 14:00:19	2026-05-02 14:00:19
656810	NULL	NULL	51.086	4.134	51.086	4.134	1-2	9220	Hamme	België	2026-05-02 15:30:00	0	2026-05-02 14:00:42	2026-05-02 14:00:42
656811	NULL	NULL	51.063	4.021	51.063	4.021	3-4	9240	Zele	België	2026-05-02 16:00:00	1	2026-05-02 14:00:48	2026-05-02 14:00:48
656815	NULL	NULL	51.145	4.299	51.145	4.299	1-2	9150	Beveren-Kruibeke-Zwijndrecht	België	2026-05-02 14:30:00	0	2026-05-02 14:03:26	2026-05-02 14:03:26
656817	168213	11	51.156	4.016	51.156	4.016	3-4	9112	Sint-Niklaas	België	2026-05-02 15:00:00	1	2026-05-02 14:04:13	2026-05-02 14:10:02
656818	168189	10	51.066	3.988	51.066	3.988	3-4	9240	Zele	België	2026-05-02 18:00:00	0	2026-05-02 14:04:28	2026-05-02 15:35:50
656820	NULL	NULL	51.018	4.112	51.018	4.112	3-4	9200	Dendermonde	België	2026-05-02 15:00:00	0	2026-05-02 14:05:58	2026-05-02 14:05:58
656821	168213	11	51.215	4.093	NULL	NULL	9-10	9170	Sint-Gillis-Waas	Belgium	2026-05-02 14:30:00	0	2026-05-02 14:07:39	2026-05-02 15:11:13
656825	NULL	NULL	51.109	4.011	51.109	4.011	1-2	9160	Lokeren	België	2026-05-02 14:30:00	0	2026-05-02 14:08:20	2026-05-02 14:08:20
656826	168213	11	51.156	4.016	51.156	4.016	3-4	9112	Sint-Niklaas	België	2026-05-02 15:00:00	0	2026-05-02 14:08:42	2026-05-02 14:10:59
656827	NULL	NULL	51.099	3.985	NULL	NULL	1-2	9160	Lokeren	België	2026-05-02 16:00:00	0	2026-05-02 14:08:57	2026-05-02 14:08:57
656828	NULL	NULL	51.063	4.021	51.063	4.021	3-4	9240	Zele	België	2026-05-02 16:00:00	1	2026-05-02 14:09:10	2026-05-02 14:09:10
656829	NULL	NULL	51.214	4.262	51.214	4.262	1-2	9120	Beveren-Kruibeke-Zwijndrecht	België	2026-05-02 14:30:00	0	2026-05-02 14:10:06	2026-05-02 14:10:06
656833	NULL	NULL	51.069	4.035	NULL	NULL	3-4	9240	Zele	België	2026-05-02 16:00:00	0	2026-05-02 14:11:38	2026-05-02 14:11:38
656836	NULL	NULL	51.151	3.961	NULL	NULL	7-8	9160	Lokeren	België	2026-05-02 15:45:00	0	2026-05-02 14:13:40	2026-05-02 14:13:40
656837	NULL	NULL	51.098	4.244	51.098	4.244	1-2	2880	Bornem	België	2026-05-02 14:30:00	1	2026-05-02 14:13:40	2026-05-02 14:13:40
656840	168198	8	51.128	4.292	51.128	4.292	3-4	9150	Beveren-Kruibeke-Zwijndrecht	België	2026-05-02 17:00:00	0	2026-05-02 14:17:58	2026-05-02 14:33:51
656844	NULL	NULL	51.087	3.991	51.087	3.991	3-4	9160	Lokeren	België	2026-05-02 15:45:00	0	2026-05-02 14:19:49	2026-05-02 14:19:49
656846	168240	5	51.002	4.127	51.002	4.127	1-2	9280	Lebbeke	België	2026-05-02 19:30:00	0	2026-05-02 14:22:14	2026-05-02 18:27:48
656848	168188	5	51.054	4.107	51.054	4.107	3-4	9200	Dendermonde	België	2026-05-02 14:30:00	0	2026-05-02 14:23:41	2026-05-02 14:31:51
656849	NULL	NULL	51.214	4.317	51.214	4.317	3-4	2070	Zwijndrecht	België	2026-05-02 14:30:00	0	2026-05-02 14:25:00	2026-05-02 14:25:00
656853	NULL	NULL	51.057	4.02	51.057	4.02	3-4	9240	Zele	België	2026-05-02 16:00:00	0	2026-05-02 14:28:34	2026-05-02 14:28:34
656854	NULL	NULL	51.157	4.133	51.157	4.133	3-4	9100	Sint-Niklaas	België	2026-05-02 14:45:00	0	2026-05-02 14:29:57	2026-05-02 14:29:57
656855	NULL	NULL	51.098	4.242	NULL	NULL	1-2	2880	Bornem	België	2026-05-02 15:30:00	1	2026-05-02 14:30:19	2026-05-02 14:30:19
656858	NULL	NULL	51.176	3.936	51.177	3.936	5-6	9180	Lokeren	België	2026-05-02 15:00:00	0	2026-05-02 14:32:29	2026-05-02 14:32:29
656860	NULL	NULL	51.092	4.248	51.092	4.248	1-2	2880	Bornem	België	2026-05-02 15:30:00	0	2026-05-02 14:34:07	2026-05-02 14:34:07
656863	NULL	NULL	51.098	4.244	NULL	NULL	1-2	2880	Bornem	België	2026-05-02 15:00:00	1	2026-05-02 14:36:19	2026-05-02 14:36:19
656865	168133	103	51.093	4.004	51.093	4.004	7-8	9160	Lokeren	België	2026-05-02 16:15:00	0	2026-05-02 14:37:28	2026-05-02 15:03:44
656869	NULL	NULL	51.124	4.206	51.124	4.206	5-6	9140	Temse	België	2026-05-02 18:30:00	0	2026-05-02 14:43:29	2026-05-02 14:43:29
656871	NULL	NULL	51.101	4.239	51.101	4.239	1-2	2880	Bornem	België	2026-05-02 15:00:00	1	2026-05-02 14:44:11	2026-05-02 14:44:11
656873	NULL	NULL	51.114	4.144	NULL	NULL	3-4	9140	Elversele	België	2026-05-02 17:00:00	0	2026-05-02 14:46:02	2026-05-02 14:46:02
656875	168195	102	51.209	4.349	51.209	4.349	3-4	2070	Beveren-Kruibeke-Zwijndrecht	België	2026-05-02 20:00:00	0	2026-05-02 14:47:03	2026-05-02 16:48:50
656876	NULL	NULL	51.065	4.045	51.065	4.044	1-2	9240	Zele	België	2026-05-02 15:00:00	0	2026-05-02 14:47:39	2026-05-02 14:47:39
656877	NULL	NULL	51.06	4.017	51.06	4.017	3-4	9240	Zele	België	2026-05-02 15:30:00	0	2026-05-02 14:47:58	2026-05-02 14:47:58
656878	168188	5	51.02	4.125	NULL	NULL	7-8	9200	Dendermonde	België	2026-05-02 15:30:00	0	2026-05-02 14:49:41	2026-05-02 15:37:39
656879	NULL	NULL	51.105	3.968	51.105	3.969	1-2	9160	Lokeren	België	2026-05-02 16:00:00	1	2026-05-02 14:49:54	2026-05-02 14:49:54
656881	168163	13	51.107	3.972	51.107	3.973	3-4	9160	Lokeren	België	2026-05-02 15:15:00	1	2026-05-02 14:50:41	2026-05-02 15:06:23
656883	NULL	NULL	51.02	4.123	51.02	4.123	5-6	9200	Dendermonde	België	2026-05-02 16:00:00	0	2026-05-02 14:51:26	2026-05-02 14:51:26
656890	168198	8	51.134	4.275	51.134	4.275	1-2	9140	Temse	België	2026-05-02 17:30:00	0	2026-05-02 14:57:41	2026-05-02 14:58:40
656892	168195	102	51.209	4.349	51.209	4.349	3-4	2070	Beveren-Kruibeke-Zwijndrecht	België	2026-05-02 20:00:00	0	2026-05-02 14:58:04	2026-05-02 16:16:58
656896	NULL	NULL	51.119	4.09	NULL	NULL	3-4	9250	Waasmunster	België	2026-05-02 17:30:00	0	2026-05-02 15:04:31	2026-05-02 15:04:31
656897	NULL	NULL	51.059	4.013	51.059	4.013	1-2	9240	Zele	België	2026-05-02 15:30:00	0	2026-05-02 15:04:44	2026-05-02 15:04:44
656899	NULL	NULL	51.059	4.016	51.059	4.016	5-6	9240	Zele	België	2026-05-02 15:30:00	0	2026-05-02 15:05:26	2026-05-02 15:05:26
656900	NULL	NULL	51.11	4.078	NULL	NULL	1-2	9250	Waasmunster	België	2026-05-02 15:30:00	0	2026-05-02 15:05:27	2026-05-02 15:05:27
656903	NULL	NULL	51.099	3.986	51.099	3.986	3-4	9160	Lokeren	België	2026-05-02 16:00:00	0	2026-05-02 15:08:57	2026-05-02 15:08:57
656905	NULL	NULL	51.182	4.134	51.182	4.134	3-4	9100	Sint-Niklaas	België	2026-05-02 16:00:00	0	2026-05-02 15:09:39	2026-05-02 15:09:39
656906	NULL	NULL	51.119	4.086	NULL	NULL	1-2	9250	Waasmunster	België	2026-05-02 18:15:00	0	2026-05-02 15:09:55	2026-05-02 15:09:55
656907	NULL	NULL	51.146	4.119	51.146	4.119	1-2	9100	Sint-Niklaas	België	2026-05-02 19:00:00	0	2026-05-02 15:10:08	2026-05-02 15:10:08
656908	NULL	NULL	51.209	4.035	51.209	4.035	1-2	9190	Stekene	België	2026-05-02 16:30:00	0	2026-05-02 15:10:37	2026-05-02 15:10:37
656914	NULL	NULL	51.108	3.963	NULL	NULL	3-4	9160	Lokeren	België	2026-05-02 18:00:00	0	2026-05-02 15:16:45	2026-05-02 15:16:45
656915	NULL	NULL	51.097	4.238	51.097	4.238	1-2	2880	Bornem	België	2026-05-02 15:30:00	1	2026-05-02 15:16:51	2026-05-02 15:16:51
656919	NULL	NULL	51.09	3.963	51.09	3.963	1-2	9160	Lokeren	België	2026-05-02 15:30:00	0	2026-05-02 15:17:54	2026-05-02 15:17:54
656920	NULL	NULL	51.111	3.986	NULL	NULL	1-2	9160	Lokeren	België	2026-05-02 17:00:00	0	2026-05-02 15:18:17	2026-05-02 15:18:17
656921	NULL	NULL	51.228	4.269	NULL	NULL	5-6	9120	Melsele	België	2026-05-02 17:15:00	0	2026-05-02 15:18:19	2026-05-02 15:18:19
656923	NULL	NULL	51.087	3.991	51.087	3.991	3-4	9160	Lokeren	België	2026-05-02 15:30:00	0	2026-05-02 15:20:34	2026-05-02 15:20:34
656924	168233	13	51.104	3.973	NULL	NULL	1-2	9160	Lokeren	België	2026-05-02 19:00:00	1	2026-05-02 15:21:18	2026-05-02 17:38:13
656927	168241	10	51.068	4.033	51.068	4.034	1-2	9240	Zele	België	2026-05-02 17:00:00	0	2026-05-02 15:22:32	2026-05-02 16:57:09
656933	NULL	NULL	51.087	3.991	51.087	3.991	1-2	9160	Lokeren	België	2026-05-02 18:30:00	0	2026-05-02 15:24:31	2026-05-02 15:24:31
656945	NULL	NULL	50.991	4.138	50.991	4.139	1-2	9280	Lebbeke	België	2026-05-02 16:30:00	0	2026-05-02 15:31:28	2026-05-02 15:31:28
656950	NULL	NULL	51.123	4.114	NULL	NULL	3-4	9260	Waasmunster	België	2026-05-02 17:30:00	0	2026-05-02 15:35:49	2026-05-02 15:35:49
656953	NULL	NULL	51.151	3.961	NULL	NULL	7-8	9160	Lokeren	België	2026-05-02 16:15:00	0	2026-05-02 15:38:41	2026-05-02 15:38:41
656958	NULL	NULL	51.094	4.303	51.094	4.303	3-4	2880	Bornem	België	2026-05-02 20:15:00	0	2026-05-02 15:40:48	2026-05-02 15:40:48
656960	168227	103	51.098	3.997	51.098	3.997	3-4	9160	Lokeren	België	2026-05-02 16:30:00	0	2026-05-02 15:41:37	2026-05-02 16:08:17
656965	168197	6	51.006	4.13	NULL	NULL	5-6	9280	Lebbeke	België	2026-05-02 16:00:00	1	2026-05-02 15:44:59	2026-05-02 15:47:05
656967	168240	5	51.057	4.113	51.057	4.113	1-2	9200	Dendermonde	België	2026-05-02 18:00:00	0	2026-05-02 15:46:10	2026-05-02 17:21:00
656968	168240	5	51.057	4.113	51.057	4.113	1-2	9200	Grembergen	België	2026-05-02 19:00:00	0	2026-05-02 15:46:21	2026-05-02 17:30:32
656971	NULL	NULL	51.114	4.144	NULL	NULL	3-4	9140	Elversele	België	2026-05-02 17:00:00	0	2026-05-02 15:48:14	2026-05-02 15:48:14
656974	NULL	NULL	51.059	4.013	NULL	NULL	3-4	9240	Zele	België	2026-05-02 16:00:00	0	2026-05-02 15:49:05	2026-05-02 15:49:05
656976	NULL	NULL	51.1	4.245	51.1	4.245	1-2	2880	Bornem	België	2026-05-02 16:30:00	0	2026-05-02 15:49:56	2026-05-02 15:49:56
656977	168189	10	51.069	4.045	51.069	4.045	1-2	9240	Zele	België	2026-05-02 17:45:00	0	2026-05-02 15:50:18	2026-05-02 16:04:23
656979	168186	14	51.14	4.291	51.14	4.291	3-4	9150	Beveren-Kruibeke-Zwijndrecht	België	2026-05-02 16:15:00	1	2026-05-02 15:51:13	2026-05-02 15:58:38
656981	168188	5	51.02	4.125	NULL	NULL	1-2	9200	Dendermonde	België	2026-05-02 16:15:00	1	2026-05-02 15:52:20	2026-05-02 16:10:21
656982	NULL	NULL	51.02	4.103	NULL	NULL	3-4	9200	Dendermonde	België	2026-05-02 16:45:00	0	2026-05-02 15:53:07	2026-05-02 15:53:07
656989	NULL	NULL	51.13	4.213	51.143	4.18	7-8	9140	Temse	België	2026-05-02 16:30:00	1	2026-05-02 15:56:31	2026-05-02 15:56:31
656991	168195	102	51.209	4.349	51.209	4.349	3-4	2070	Beveren-Kruibeke-Zwijndrecht	België	2026-05-02 20:00:00	0	2026-05-02 15:57:42	2026-05-02 16:48:51
656993	168259	34	51.161	4.134	51.161	4.134	10+	9100	Sint-Niklaas	België	2026-05-02 18:30:00	0	2026-05-02 15:58:23	2026-05-02 18:07:42
656995	168259	34	51.161	4.134	NULL	NULL	10+	9100	sint niklaas	België	2026-05-02 19:00:00	0	2026-05-02 15:58:46	2026-05-02 18:07:35
656996	NULL	NULL	51.135	4.163	51.212	4.234	3-4	9140	Tielrode	België	2026-05-02 17:30:00	0	2026-05-02 15:58:51	2026-05-02 15:58:51
656998	168197	6	51.005	4.135	51.005	4.135	1-2	9280	Lebbeke	België	2026-05-02 16:30:00	1	2026-05-02 15:59:29	2026-05-02 16:29:22
657000	NULL	NULL	51.205	4.236	51.205	4.236	3-4	9120	Beveren-Kruibeke-Zwijndrecht	België	2026-05-02 17:00:00	0	2026-05-02 16:00:01	2026-05-02 16:00:01
657003	NULL	NULL	51.218	4.279	51.218	4.279	5-6	9120	Beveren-Kruibeke-Zwijndrecht	België	2026-05-02 17:15:00	0	2026-05-02 16:00:57	2026-05-02 16:00:57
657013	NULL	NULL	51.049	4.17	NULL	NULL	1-2	9220	Moerzeke	België	2026-05-02 21:00:00	0	2026-05-02 16:04:57	2026-05-02 16:04:57
657015	NULL	NULL	51.059	4.01	NULL	NULL	3-4	9240	Zele	België	2026-05-02 17:15:00	0	2026-05-02 16:05:46	2026-05-02 16:05:46
657016	NULL	NULL	51.11	4.074	51.11	4.073	1-2	9250	Waasmunster	België	2026-05-02 17:15:00	0	2026-05-02 16:06:02	2026-05-02 16:06:02
657019	NULL	NULL	51.11	4.078	NULL	NULL	1-2	9250	Waasmunster	België	2026-05-02 18:15:00	0	2026-05-02 16:07:17	2026-05-02 16:07:17
657025	NULL	NULL	51.194	4.173	NULL	NULL	1-2	9100	Nieuwkerken-Waas	België	2026-05-02 18:30:00	0	2026-05-02 16:10:42	2026-05-02 16:10:42
657029	NULL	NULL	51.083	4.137	51.083	4.137	3-4	9220	Hamme	België	2026-05-02 18:30:00	0	2026-05-02 16:11:52	2026-05-02 16:11:52
657031	NULL	NULL	51.176	4.197	NULL	NULL	1-2	9100	Sint-Niklaas	België	2026-05-02 17:00:00	0	2026-05-02 16:12:25	2026-05-02 16:12:25
657035	NULL	NULL	51.062	4.037	51.062	4.037	1-2	9240	Zele	België	2026-05-02 16:30:00	0	2026-05-02 16:15:00	2026-05-02 16:15:00
657041	NULL	NULL	51.063	4.021	51.063	4.021	3-4	9240	Zele	België	2026-05-02 18:00:00	0	2026-05-02 16:15:48	2026-05-02 16:15:49
657047	NULL	NULL	51.097	4.238	51.097	4.238	1-2	2880	Bornem	België	2026-05-02 16:30:00	1	2026-05-02 16:19:29	2026-05-02 16:19:29
657049	NULL	NULL	51.171	4.148	51.171	4.148	1-2	9100	Sint-Niklaas	België	2026-05-02 17:30:00	0	2026-05-02 16:20:32	2026-05-02 16:20:32
657050	168195	102	51.209	4.349	51.209	4.349	3-4	2070	Beveren-Kruibeke-Zwijndrecht	België	2026-05-02 20:00:00	0	2026-05-02 16:21:02	2026-05-02 16:48:43
657051	NULL	NULL	51.14	4.298	51.14	4.298	3-4	9150	Beveren-Kruibeke-Zwijndrecht	België	2026-05-02 18:30:00	0	2026-05-02 16:21:41	2026-05-02 16:21:41
657052	NULL	NULL	51.108	3.963	NULL	NULL	3-4	9160	Lokeren	België	2026-05-02 18:00:00	0	2026-05-02 16:21:49	2026-05-02 16:21:49
657054	NULL	NULL	51.221	4.273	51.221	4.273	3-4	9120	Beveren-Kruibeke-Zwijndrecht	België	2026-05-02 17:15:00	0	2026-05-02 16:22:00	2026-05-02 16:22:00
657055	NULL	NULL	51.141	4.134	51.141	4.134	1-2	9100	Sint-Niklaas	België	2026-05-02 16:30:00	0	2026-05-02 16:22:47	2026-05-02 16:22:47
657057	NULL	NULL	51.209	4.035	51.209	4.035	1-2	9190	Stekene	België	2026-05-02 17:45:00	0	2026-05-02 16:23:51	2026-05-02 16:23:51
657062	NULL	NULL	50.849	3.759	50.849	3.759	1-2	9630	Zwalm	België	2026-05-02 21:59:00	0	2026-05-02 16:25:01	2026-05-02 16:25:01
657070	NULL	NULL	51.205	4.345	NULL	NULL	1-2	2070	Burcht	België	2026-05-02 16:30:00	0	2026-05-02 16:27:26	2026-05-02 16:27:26
657072	168240	5	51.054	4.107	51.054	4.107	3-4	9200	Dendermonde	België	2026-05-02 16:30:00	0	2026-05-02 16:27:48	2026-05-02 16:53:21
657075	NULL	NULL	51.089	4.232	51.089	4.233	1-2	2880	Bornem	België	2026-05-02 18:30:00	1	2026-05-02 16:28:46	2026-05-02 16:28:46
657077	NULL	NULL	51.086	4.056	51.086	4.056	3-4	9240	Zele	België	2026-05-02 17:15:00	0	2026-05-02 16:29:27	2026-05-02 16:29:27
657080	168241	10	51.075	4.034	51.075	4.034	1-2	9240	Zele	België	2026-05-02 20:00:00	0	2026-05-02 16:30:10	2026-05-02 17:04:31
657081	NULL	NULL	51.214	4.134	51.213	4.134	5-6	9170	Sint-Gillis-Waas	België	2026-05-02 19:00:00	0	2026-05-02 16:30:23	2026-05-02 16:30:23
657083	NULL	NULL	51.162	4.15	51.162	4.149	10+	9100	Sint-Niklaas	België	2026-05-02 17:30:00	0	2026-05-02 16:30:42	2026-05-02 16:30:43
657084	168231	9	51.097	4.249	NULL	NULL	10+	2880	Bornem	België	2026-05-02 17:00:00	0	2026-05-02 16:31:00	2026-05-02 18:20:44
657092	NULL	NULL	51.065	4.045	51.065	4.044	1-2	9240	Zele	België	2026-05-02 17:00:00	0	2026-05-02 16:33:12	2026-05-02 16:33:12
657093	NULL	NULL	51.097	4.238	51.097	4.238	3-4	2880	Bornem	België	2026-05-02 17:00:00	1	2026-05-02 16:33:21	2026-05-02 16:33:21
657094	NULL	NULL	51.093	4.234	51.094	4.234	1-2	2880	Bornem	België	2026-05-02 17:00:00	1	2026-05-02 16:33:40	2026-05-02 16:33:40
657097	168240	5	51.031	4.073	51.031	4.073	3-4	9200	Dendermonde	België	2026-05-02 17:30:00	0	2026-05-02 16:33:57	2026-05-02 17:59:21
657099	NULL	NULL	51.209	4.247	51.209	4.247	3-4	9120	Beveren-Kruibeke-Zwijndrecht	België	2026-05-02 17:15:00	0	2026-05-02 16:34:30	2026-05-02 16:34:30
657100	NULL	NULL	51.008	4.132	51.008	4.132	1-2	9280	Lebbeke	België	2026-05-02 17:00:00	1	2026-05-02 16:34:31	2026-05-02 16:34:31
657103	NULL	NULL	51.211	4.329	51.211	4.329	3-4	2070	Beveren-Kruibeke-Zwijndrecht	België	2026-05-02 18:00:00	0	2026-05-02 16:35:15	2026-05-02 16:35:15
657104	NULL	NULL	51.094	4.242	51.094	4.242	3-4	2880	Bornem	België	2026-05-02 18:00:00	1	2026-05-02 16:35:23	2026-05-02 16:35:24
657105	NULL	NULL	51.231	4.271	51.231	4.27	3-4	9120	Beveren-Kruibeke-Zwijndrecht	België	2026-05-02 17:30:00	0	2026-05-02 16:36:19	2026-05-02 16:36:19
657108	NULL	NULL	50.987	4.148	NULL	NULL	3-4	9280	Lebbeke	België	2026-05-02 18:00:00	0	2026-05-02 16:37:07	2026-05-02 16:37:07
657113	168233	13	51.104	3.973	NULL	NULL	1-2	9160	Lokeren	België	2026-05-02 19:00:00	0	2026-05-02 16:38:05	2026-05-02 17:38:47
657116	NULL	NULL	51.14	4.293	51.14	4.293	3-4	9150	Beveren-Kruibeke-Zwijndrecht	België	2026-05-02 18:00:00	0	2026-05-02 16:40:45	2026-05-02 16:40:45
657117	168213	11	51.203	4.24	51.203	4.24	10+	9120	Beveren-Kruibeke-Zwijndrecht	België	2026-05-02 18:00:00	1	2026-05-02 16:41:21	2026-05-02 18:15:01
657118	NULL	NULL	51.118	4.104	NULL	NULL	3-4	9250	Waasmunster	België	2026-05-02 18:00:00	0	2026-05-02 16:42:12	2026-05-02 16:42:12
657124	NULL	NULL	51.086	4.217	51.085	4.218	3-4	2880	Bornem	België	2026-05-02 17:00:00	0	2026-05-02 16:44:25	2026-05-02 16:44:25
657126	NULL	NULL	51.223	4.139	51.223	4.139	5-6	9170	Sint-Gillis-Waas	België	2026-05-02 18:00:00	0	2026-05-02 16:44:36	2026-05-02 16:44:36
657129	168195	102	51.21	4.348	51.21	4.348	3-4	2070	Beveren-Kruibeke-Zwijndrecht	België	2026-05-02 18:00:00	1	2026-05-02 16:44:56	2026-05-02 16:53:48
657130	NULL	NULL	51.179	4.318	51.179	4.319	10+	9150	Beveren-Kruibeke-Zwijndrecht	België	2026-05-02 17:15:00	0	2026-05-02 16:44:57	2026-05-02 16:44:57
657131	168258	101	51.182	4.134	51.182	4.133	3-4	9100	Sint-Niklaas	België	2026-05-02 18:00:00	0	2026-05-02 16:45:03	2026-05-02 17:57:32
657132	NULL	NULL	51.157	4.133	51.157	4.133	1-2	9100	Sint-Niklaas	België	2026-05-02 17:00:00	0	2026-05-02 16:45:16	2026-05-02 16:45:16
657133	NULL	NULL	51.219	4.113	51.219	4.113	1-2	9170	Sint-Gillis-Waas	België	2026-05-02 19:30:00	0	2026-05-02 16:45:40	2026-05-02 16:45:40
657134	NULL	NULL	51.142	4.093	51.142	4.093	1-2	9111	Belsele	België	2026-05-02 17:00:00	0	2026-05-02 16:46:19	2026-05-02 16:46:19
657136	NULL	NULL	51.209	4.347	51.21	4.347	1-2	2070	Zwijndrecht	België	2026-05-02 17:15:00	1	2026-05-02 16:46:56	2026-05-02 16:46:56
657138	NULL	NULL	51.218	4.21	51.218	4.21	3-4	9120	Beveren	België	2026-05-02 17:30:00	0	2026-05-02 16:48:47	2026-05-02 16:48:47
657140	NULL	NULL	51.068	4.247	51.094	4.234	1-2	2890	Oppuurs	België	2026-05-02 18:00:00	0	2026-05-02 16:49:13	2026-05-02 16:49:13
657141	168197	6	50.983	4.143	50.984	4.143	1-2	9280	Lebbeke	België	2026-05-02 19:00:00	0	2026-05-02 16:49:14	2026-05-02 17:09:45
657143	NULL	NULL	51.212	4.233	NULL	NULL	3-4	9120	Beveren waas	België	2026-05-02 17:30:00	0	2026-05-02 16:51:21	2026-05-02 16:51:21
657147	NULL	NULL	51.065	4.07	51.065	4.07	1-2	9240	Zele	België	2026-05-02 18:15:00	0	2026-05-02 16:52:48	2026-05-02 16:52:48
657150	168195	102	51.199	4.327	NULL	NULL	5-6	2070	Burcht	België	2026-05-02 17:30:00	0	2026-05-02 16:53:17	2026-05-02 17:17:17
657154	NULL	NULL	51.125	4.198	51.125	4.198	1-2	9140	Temse	België	2026-05-02 18:00:00	0	2026-05-02 16:53:38	2026-05-02 16:53:38
657155	NULL	NULL	51.135	4.186	51.135	4.186	3-4	9140	Temse	België	2026-05-02 18:30:00	0	2026-05-02 16:53:56	2026-05-02 16:53:56
657158	168240	5	51.049	4.102	51.049	4.102	1-2	9200	Dendermonde	België	2026-05-02 19:00:00	0	2026-05-02 16:54:32	2026-05-02 17:55:24
657163	NULL	NULL	51.111	3.987	51.111	3.987	1-2	9160	Lokeren	België	2026-05-02 18:30:00	0	2026-05-02 16:56:38	2026-05-02 16:56:38
657164	NULL	NULL	51.098	4.244	NULL	NULL	1-2	2880	Bornem	België	2026-05-02 17:00:00	1	2026-05-02 16:56:50	2026-05-02 16:56:50
657167	NULL	NULL	51.213	4.337	NULL	NULL	3-4	2070	Zwijndrecht	België	2026-05-02 18:00:00	0	2026-05-02 16:57:06	2026-05-02 16:57:06
657169	NULL	NULL	51.058	4.039	NULL	NULL	3-4	9240	Zele	België	2026-05-02 17:30:00	0	2026-05-02 16:57:47	2026-05-02 16:57:47
657170	168213	11	51.213	4.243	51.213	4.243	1-2	9120	Beveren-Kruibeke-Zwijndrecht	België	2026-05-02 18:00:00	1	2026-05-02 16:58:30	2026-05-02 17:02:56
657172	NULL	NULL	51.084	4.132	51.084	4.132	1-2	9220	Hamme	België	2026-05-02 18:45:00	0	2026-05-02 17:00:05	2026-05-02 17:00:05
657174	NULL	NULL	51.211	4.078	51.211	4.079	3-4	9190	Stekene	België	2026-05-02 18:30:00	0	2026-05-02 17:00:18	2026-05-02 17:00:18
657175	NULL	NULL	51.092	4.108	51.092	4.108	3-4	9220	Hamme	België	2026-05-02 17:00:00	0	2026-05-02 17:00:23	2026-05-02 17:00:23
657177	NULL	NULL	51.168	4.304	51.168	4.304	3-4	9150	Kruibeke	België	2026-05-02 17:45:00	0	2026-05-02 17:01:10	2026-05-02 17:01:10
657180	168197	6	50.986	4.143	50.985	4.143	1-2	9280	Lebbeke	België	2026-05-02 19:00:00	0	2026-05-02 17:01:41	2026-05-02 17:26:44
657181	NULL	NULL	51.209	4.347	51.21	4.347	1-2	2070	Zwijndrecht	België	2026-05-02 17:30:00	1	2026-05-02 17:02:08	2026-05-02 17:02:08
657183	NULL	NULL	51.205	4.236	51.205	4.236	3-4	9120	Beveren-Kruibeke-Zwijndrecht	België	2026-05-02 17:30:00	0	2026-05-02 17:02:46	2026-05-02 17:02:46
657185	NULL	NULL	51.053	4.208	51.053	4.208	1-2	2890	Puurs-Sint-Amands	België	2026-05-02 18:00:00	0	2026-05-02 17:03:06	2026-05-02 17:03:06
657186	NULL	NULL	51.114	3.996	NULL	NULL	5-6	9160	Lokeren	België	2026-05-02 18:00:00	0	2026-05-02 17:03:29	2026-05-02 17:03:29
657187	168259	34	51.161	4.134	NULL	NULL	10+	9100	sint niklaas	België	2026-05-02 19:00:00	1	2026-05-02 17:03:43	2026-05-02 18:07:33
657189	168240	5	51.047	4.093	51.047	4.093	1-2	9200	Dendermonde	België	2026-05-02 18:00:00	0	2026-05-02 17:04:45	2026-05-02 17:33:27
657194	NULL	NULL	51.146	4.297	NULL	NULL	5-6	9150	Bazel	België	2026-05-02 19:00:00	0	2026-05-02 17:05:56	2026-05-02 17:05:56
657196	NULL	NULL	51.098	4.14	51.098	4.14	9-10	9220	Hamme	België	2026-05-02 18:30:00	0	2026-05-02 17:06:23	2026-05-02 17:06:23
657197	NULL	NULL	51.211	4.334	51.211	4.334	1-2	2070	Beveren-Kruibeke-Zwijndrecht	België	2026-05-02 17:30:00	0	2026-05-02 17:06:30	2026-05-02 17:06:30
657198	NULL	NULL	51.059	4.01	NULL	NULL	3-4	9240	Zele	België	2026-05-02 17:30:00	0	2026-05-02 17:06:33	2026-05-02 17:06:33
657205	NULL	NULL	51.099	4.234	51.099	4.234	1-2	2880	Bornem	België	2026-05-02 17:30:00	0	2026-05-02 17:08:20	2026-05-02 17:08:20
657208	NULL	NULL	51.07	4.029	51.07	4.029	1-2	9240	Zele	België	2026-05-02 17:30:00	1	2026-05-02 17:09:34	2026-05-02 17:09:34
657212	NULL	NULL	51.146	4.06	51.146	4.06	3-4	9112	Sint-Niklaas	België	2026-05-02 19:00:00	0	2026-05-02 17:10:10	2026-05-02 17:10:10
657213	NULL	NULL	51.172	4.157	51.172	4.157	1-2	9100	Sint-Niklaas	België	2026-05-02 19:00:00	0	2026-05-02 17:10:41	2026-05-02 17:10:41
657215	NULL	NULL	51.092	4.248	51.092	4.248	1-2	2880	Bornem	België	2026-05-02 17:30:00	1	2026-05-02 17:10:46	2026-05-02 17:10:46
657216	NULL	NULL	51.097	4.268	51.097	4.268	7-8	2880	Bornem	België	2026-05-02 18:30:00	0	2026-05-02 17:10:55	2026-05-02 17:10:55
657217	NULL	NULL	51.223	4.139	51.224	4.139	5-6	9170	Sint-Gillis-Waas	België	2026-05-02 18:00:00	0	2026-05-02 17:11:29	2026-05-02 17:11:29
657218	NULL	NULL	51.063	4.033	NULL	NULL	3-4	9240	Zele	België	2026-05-02 17:30:00	0	2026-05-02 17:11:38	2026-05-02 17:11:38
657219	NULL	NULL	51.068	4.042	NULL	NULL	3-4	9240	Zele	België	2026-05-02 18:00:00	0	2026-05-02 17:11:39	2026-05-02 17:11:39
657222	168240	5	51.016	4.1	51.016	4.1	1-2	9200	Dendermonde	België	2026-05-02 17:30:00	0	2026-05-02 17:12:50	2026-05-02 18:36:03
657225	NULL	NULL	51.209	4.347	51.209	4.347	1-2	2070	Zwijndrecht	België	2026-05-02 17:30:00	1	2026-05-02 17:13:20	2026-05-02 17:13:20
657227	168233	13	51.091	3.968	51.091	3.968	1-2	9160	Lokeren	België	2026-05-02 18:15:00	0	2026-05-02 17:13:27	2026-05-02 17:22:17
657228	NULL	NULL	51.159	4.4	51.16	4.4	1-2	2610	Antwerpen	België	2026-05-02 19:15:00	0	2026-05-02 17:13:40	2026-05-02 17:13:40
657231	NULL	NULL	51.175	4.11	51.175	4.11	10+	9100	Sint-Niklaas	België	2026-05-02 18:00:00	0	2026-05-02 17:14:56	2026-05-02 17:14:56
657236	NULL	NULL	51.124	4.206	51.124	4.206	5-6	9140	Temse	België	2026-05-02 18:00:00	0	2026-05-02 17:17:17	2026-05-02 17:17:17
657239	168213	11	51.207	4.239	51.208	4.239	10+	9120	Beveren-Kruibeke-Zwijndrecht	België	2026-05-02 19:00:00	0	2026-05-02 17:18:19	2026-05-02 17:44:29
657240	NULL	NULL	51.223	4.189	51.223	4.189	3-4	9120	Beveren-Kruibeke-Zwijndrecht	België	2026-05-02 18:15:00	0	2026-05-02 17:18:25	2026-05-02 17:18:25
657242	NULL	NULL	51.135	4.163	51.135	4.163	3-4	9140	Temse	België	2026-05-02 18:00:00	0	2026-05-02 17:18:26	2026-05-02 17:18:26
657247	NULL	NULL	51.207	4.26	51.207	4.26	3-4	9120	Beveren-Kruibeke-Zwijndrecht	België	2026-05-02 18:30:00	0	2026-05-02 17:19:37	2026-05-02 17:19:37
657249	NULL	NULL	51.071	4.035	51.071	4.034	3-4	9240	Zele	België	2026-05-02 17:30:00	1	2026-05-02 17:19:51	2026-05-02 17:19:51
657250	NULL	NULL	51.127	4.199	51.127	4.199	1-2	9140	Temse	België	2026-05-02 18:00:00	0	2026-05-02 17:20:12	2026-05-02 17:20:12
657256	NULL	NULL	51.203	4.24	51.203	4.24	9-10	9120	Beveren-Kruibeke-Zwijndrecht	België	2026-05-02 17:45:00	0	2026-05-02 17:20:44	2026-05-02 17:20:44
657259	168227	103	51.092	4.009	NULL	NULL	3-4	9160	Lokeren	België	2026-05-02 18:00:00	0	2026-05-02 17:21:15	2026-05-02 17:42:30
657262	NULL	NULL	51.204	4.257	NULL	NULL	5-6	9120	Beveren-Kruibeke-Zwijndrecht	België	2026-05-02 17:45:00	0	2026-05-02 17:22:02	2026-05-02 17:22:02
657264	NULL	NULL	51.097	4.268	51.097	4.268	3-4	2880	Bornem	België	2026-05-02 19:00:00	0	2026-05-02 17:22:24	2026-05-02 17:22:24
657266	NULL	NULL	51.14	4.298	51.14	4.298	3-4	9150	Beveren-Kruibeke-Zwijndrecht	België	2026-05-02 19:30:00	0	2026-05-02 17:22:26	2026-05-02 17:22:27
657267	NULL	NULL	51.136	4.064	51.136	4.064	1-2	9250	Waasmunster	België	2026-05-02 18:30:00	0	2026-05-02 17:22:35	2026-05-02 17:22:35
657272	168227	103	51.092	4.009	NULL	NULL	3-4	9160	Lokeren	België	2026-05-02 18:15:00	0	2026-05-02 17:25:02	2026-05-02 18:06:21
657273	NULL	NULL	50.987	4.148	50.987	4.148	1-2	9280	Lebbeke	België	2026-05-02 17:30:00	1	2026-05-02 17:25:20	2026-05-02 17:25:20
657275	NULL	NULL	51.094	4.105	51.094	4.105	1-2	9220	Hamme	België	2026-05-02 19:00:00	0	2026-05-02 17:25:41	2026-05-02 17:25:41
657279	NULL	NULL	51.136	4.208	51.137	4.208	3-4	9140	Temse	België	2026-05-02 17:45:00	0	2026-05-02 17:26:08	2026-05-02 17:26:08
657283	168240	5	51.057	4.113	51.057	4.113	1-2	9200	Dendermonde	België	2026-05-02 17:30:00	1	2026-05-02 17:27:15	2026-05-02 17:33:03
657285	NULL	NULL	51.227	4.287	51.227	4.287	1-2	9120	Beveren-Kruibeke-Zwijndrecht	België	2026-05-02 19:00:00	0	2026-05-02 17:27:27	2026-05-02 17:27:27
657288	NULL	NULL	51.095	3.987	51.095	3.986	5-6	9160	Lokeren	België	2026-05-02 17:45:00	0	2026-05-02 17:27:47	2026-05-02 17:27:47
657291	168262	6	51.008	4.132	51.008	4.132	1-2	9280	Lebbeke	België	2026-05-02 18:30:00	0	2026-05-02 17:28:45	2026-05-02 18:26:13
657295	NULL	NULL	51.073	4.034	51.073	4.034	1-2	9240	Zele	België	2026-05-02 17:30:00	1	2026-05-02 17:30:21	2026-05-02 17:30:21
657297	NULL	NULL	51.063	4.033	51.063	4.033	3-4	9240	Zele	België	2026-05-02 17:30:00	0	2026-05-02 17:30:29	2026-05-02 17:30:29
657301	NULL	NULL	51.014	4.206	51.014	4.206	1-2	9255	Buggenhout	België	2026-05-02 19:30:00	0	2026-05-02 17:31:11	2026-05-02 17:31:11
657304	168197	6	50.989	4.141	NULL	NULL	1-2	9280	Lebbeke	België	2026-05-02 18:00:00	1	2026-05-02 17:32:25	2026-05-02 17:42:57
657305	NULL	NULL	51.089	4.232	NULL	NULL	1-2	2880	Bornem	België	2026-05-02 18:30:00	0	2026-05-02 17:32:59	2026-05-02 17:32:59
657310	NULL	NULL	51.059	4.013	NULL	NULL	3-4	9240	Zele	België	2026-05-02 18:00:00	0	2026-05-02 17:34:44	2026-05-02 17:34:44
657311	NULL	NULL	51.094	4.303	51.094	4.303	3-4	2880	Bornem	België	2026-05-02 20:15:00	0	2026-05-02 17:34:56	2026-05-02 17:34:56
657312	NULL	NULL	51.097	4.251	51.097	4.251	3-4	2880	Bornem	België	2026-05-02 18:00:00	1	2026-05-02 17:36:21	2026-05-02 17:36:21
657316	NULL	NULL	51.18	3.939	NULL	NULL	3-4	9180	Moerbeke-Waas	Belgium	2026-05-02 21:00:00	0	2026-05-02 17:37:46	2026-05-02 17:37:46
657318	NULL	NULL	51.139	4.209	51.139	4.209	3-4	9140	Temse	België	2026-05-02 20:00:00	0	2026-05-02 17:37:54	2026-05-02 17:37:54
657324	NULL	NULL	51.095	4.248	51.095	4.248	1-2	2880	Bornem	België	2026-05-02 18:00:00	1	2026-05-02 17:39:55	2026-05-02 17:39:55
657328	168241	10	51.072	4.03	51.072	4.03	1-2	9240	Zele	België	2026-05-02 18:00:00	1	2026-05-02 17:40:39	2026-05-02 17:42:58
657329	NULL	NULL	51.086	4.134	51.086	4.134	3-4	9220	Hamme	België	2026-05-02 20:45:00	0	2026-05-02 17:40:45	2026-05-02 17:40:45
657331	NULL	NULL	51.157	4.146	51.157	4.146	1-2	9100	Sint-Niklaas	België	2026-05-02 18:00:00	0	2026-05-02 17:42:01	2026-05-02 17:42:01
657332	168231	9	51.093	4.251	51.093	4.251	5-6	2880	Bornem	België	2026-05-02 19:00:00	1	2026-05-02 17:43:02	2026-05-02 18:07:14
657333	NULL	NULL	51.205	4.339	51.205	4.339	1-2	2070	Beveren-Kruibeke-Zwijndrecht	België	2026-05-02 19:00:00	1	2026-05-02 17:43:05	2026-05-02 17:43:05
657334	168259	34	51.157	4.151	51.157	4.151	7-8	9100	Sint-Niklaas	België	2026-05-02 18:30:00	0	2026-05-02 17:43:14	2026-05-02 18:02:19
657336	168233	13	51.105	3.974	NULL	NULL	3-4	9160	Lokeren	Belgium	2026-05-02 18:00:00	1	2026-05-02 17:43:59	2026-05-02 17:55:48
657340	168241	10	51.064	4.025	NULL	NULL	5-6	9240	Zele	België	2026-05-02 20:45:00	0	2026-05-02 17:44:44	2026-05-02 18:16:12
657341	168233	13	51.105	3.974	51.105	3.974	3-4	9160	Lokeren	België	2026-05-02 18:00:00	1	2026-05-02 17:44:59	2026-05-02 17:55:43
657345	168233	13	51.104	3.973	NULL	NULL	1-2	9160	Lokeren	België	2026-05-02 19:00:00	1	2026-05-02 17:45:35	2026-05-02 18:09:32
657347	NULL	NULL	51.094	4.304	51.094	4.303	1-2	2880	Bornem	België	2026-05-02 20:00:00	0	2026-05-02 17:45:49	2026-05-02 17:45:49
657349	168242	8	51.127	4.241	51.127	4.241	7-8	9140	Temse	België	2026-05-02 18:30:00	0	2026-05-02 17:45:53	2026-05-02 18:01:40
657351	NULL	NULL	51.203	4.24	51.203	4.24	10+	9120	Beveren-Kruibeke-Zwijndrecht	België	2026-05-02 18:00:00	0	2026-05-02 17:46:28	2026-05-02 17:46:28
657352	NULL	NULL	51.049	4.17	NULL	NULL	1-2	9220	Moerzeke	België	2026-05-02 21:00:00	0	2026-05-02 17:46:55	2026-05-02 17:46:55
657353	NULL	NULL	51.098	4.244	51.098	4.244	1-2	2880	Bornem	België	2026-05-02 18:00:00	0	2026-05-02 17:47:16	2026-05-02 17:47:16
657355	168240	5	51.047	4.093	51.047	4.093	3-4	9200	Dendermonde	België	2026-05-02 18:15:00	0	2026-05-02 17:47:24	2026-05-02 17:55:09
657358	NULL	NULL	51.221	4.319	NULL	NULL	1-2	2070	Zwijndrecht	Belgium	2026-05-02 19:00:00	0	2026-05-02 17:48:05	2026-05-02 17:48:05
657359	NULL	NULL	51.085	4.217	51.085	4.217	3-4	2880	Bornem	België	2026-05-02 18:15:00	0	2026-05-02 17:48:31	2026-05-02 17:48:31
657361	168262	6	50.977	4.148	50.976	4.148	3-4	9280	Lebbeke	België	2026-05-02 19:00:00	0	2026-05-02 17:48:58	2026-05-02 18:47:22
657363	NULL	NULL	51.118	4.104	NULL	NULL	3-4	9250	Waasmunster	België	2026-05-02 18:30:00	0	2026-05-02 17:49:07	2026-05-02 17:49:07
657364	NULL	NULL	51.065	4.071	NULL	NULL	3-4	9240	Zele	België	2026-05-02 20:00:00	0	2026-05-02 17:49:15	2026-05-02 17:49:15
657365	NULL	NULL	51.213	4.242	NULL	NULL	5-6	9120	Beveren	België	2026-05-02 18:30:00	1	2026-05-02 17:49:17	2026-05-02 17:49:17
657368	168258	101	51.159	4.147	51.159	4.147	1-2	9100	Sint-Niklaas	België	2026-05-02 21:00:00	0	2026-05-02 17:50:49	2026-05-02 19:09:33
657369	168258	101	51.159	4.147	51.159	4.147	1-2	9100	Sint-Niklaas	België	2026-05-02 21:00:00	0	2026-05-02 17:50:57	2026-05-02 19:09:48
657375	NULL	NULL	50.976	4.148	50.976	4.148	3-4	9280	Lebbeke	België	2026-05-02 18:30:00	0	2026-05-02 17:52:22	2026-05-02 17:52:22
657376	168259	34	51.189	4.179	51.189	4.179	1-2	9100	Sint-Niklaas	België	2026-05-02 20:00:00	0	2026-05-02 17:52:23	2026-05-02 19:57:50
657377	NULL	NULL	51.11	4.074	51.11	4.073	1-2	9250	Waasmunster	België	2026-05-02 18:00:00	0	2026-05-02 17:52:24	2026-05-02 17:52:24
657379	NULL	NULL	51.181	4.319	NULL	NULL	10+	9150	Kruibeke	België	2026-05-02 18:30:00	0	2026-05-02 17:52:41	2026-05-02 17:52:41
657380	NULL	NULL	51.097	4.268	51.097	4.268	3-4	2880	Bornem	België	2026-05-02 19:15:00	0	2026-05-02 17:52:46	2026-05-02 17:52:46
657381	NULL	NULL	51.212	4.233	NULL	NULL	3-4	9120	Beveren waas	België	2026-05-02 18:00:00	1	2026-05-02 17:52:57	2026-05-02 17:52:57
657383	NULL	NULL	51.089	4.232	51.089	4.233	1-2	2880	Bornem	België	2026-05-02 18:30:00	0	2026-05-02 17:53:29	2026-05-02 17:53:29
657389	NULL	NULL	51.099	4.137	51.099	4.137	5-6	9220	Hamme	België	2026-05-02 18:30:00	0	2026-05-02 17:54:15	2026-05-02 17:54:15
657390	168241	10	51.061	4.03	51.061	4.03	1-2	9240	Zele	België	2026-05-02 19:00:00	0	2026-05-02 17:54:24	2026-05-02 18:41:17
657393	NULL	NULL	51.125	4.198	51.125	4.198	1-2	9140	Temse	België	2026-05-02 19:00:00	1	2026-05-02 17:54:33	2026-05-02 17:54:33
657396	168241	10	51.063	4.028	51.063	4.028	1-2	9240	Zele	België	2026-05-02 19:00:00	0	2026-05-02 17:54:59	2026-05-02 18:23:28
657397	NULL	NULL	51.123	4.209	NULL	NULL	3-4	9140	Temse	België	2026-05-02 20:00:00	1	2026-05-02 17:55:21	2026-05-02 17:55:21
657399	NULL	NULL	51.21	4.329	NULL	NULL	5-6	2070	Zwijndrecht	België	2026-05-02 18:15:00	0	2026-05-02 17:56:07	2026-05-02 17:56:07
657401	NULL	NULL	51.183	4.134	51.183	4.134	1-2	9100	Sint-Niklaas	België	2026-05-02 18:00:00	0	2026-05-02 17:56:09	2026-05-02 17:56:09
657403	NULL	NULL	51.123	4.209	NULL	NULL	1-2	9140	Temse	België	2026-05-02 18:00:00	1	2026-05-02 17:56:16	2026-05-02 17:56:16
657405	NULL	NULL	51.135	4.186	51.135	4.186	3-4	9140	Temse	België	2026-05-02 18:30:00	0	2026-05-02 17:56:43	2026-05-02 17:56:43
657407	168227	103	51.093	4.009	51.093	4.008	3-4	9160	Lokeren	België	2026-05-02 18:15:00	0	2026-05-02 17:57:17	2026-05-02 18:06:19
657409	168240	5	51.049	4.102	51.049	4.102	1-2	9200	Dendermonde	België	2026-05-02 19:00:00	1	2026-05-02 17:57:56	2026-05-02 18:35:34
657413	NULL	NULL	51.065	4.07	51.065	4.07	3-4	9240	Zele	België	2026-05-02 18:30:00	0	2026-05-02 17:58:32	2026-05-02 17:58:32
657415	NULL	NULL	51.212	4.233	NULL	NULL	1-2	9120	Beveren waas	België	2026-05-02 18:00:00	1	2026-05-02 17:58:50	2026-05-02 17:58:50
657416	NULL	NULL	51.093	4.245	51.093	4.245	1-2	2880	Bornem	België	2026-05-02 19:30:00	1	2026-05-02 17:59:26	2026-05-02 17:59:26
657419	168233	13	51.108	3.963	NULL	NULL	3-4	9160	Lokeren	België	2026-05-02 19:00:00	0	2026-05-02 17:59:44	2026-05-02 19:13:42
657421	168227	103	51.094	4.011	51.094	4.011	1-2	9160	Lokeren	België	2026-05-02 18:30:00	0	2026-05-02 17:59:56	2026-05-02 18:13:01
657423	NULL	NULL	51.093	4.245	51.093	4.245	1-2	2880	Bornem	België	2026-05-02 19:30:00	1	2026-05-02 18:00:35	2026-05-02 18:00:35
657426	NULL	NULL	51.141	4.134	51.141	4.134	3-4	9100	Sint-Niklaas	België	2026-05-02 18:30:00	0	2026-05-02 18:01:40	2026-05-02 18:01:40
657427	NULL	NULL	51.162	4.15	51.162	4.149	10+	9100	Sint-Niklaas	België	2026-05-02 18:30:00	0	2026-05-02 18:02:01	2026-05-02 18:02:01
657430	NULL	NULL	51.171	4.148	51.171	4.148	1-2	9100	Sint-Niklaas	België	2026-05-02 19:00:00	0	2026-05-02 18:02:15	2026-05-02 18:02:15
657433	168233	13	51.111	3.987	51.111	3.987	1-2	9160	Lokeren	België	2026-05-02 19:30:00	0	2026-05-02 18:02:37	2026-05-02 18:51:42
657436	NULL	NULL	51.211	4.078	NULL	NULL	3-4	9190	Kemzeke	België	2026-05-02 19:30:00	0	2026-05-02 18:03:33	2026-05-02 18:03:33
657443	NULL	NULL	51.114	3.996	51.114	3.995	5-6	9160	Lokeren	België	2026-05-02 18:30:00	0	2026-05-02 18:05:44	2026-05-02 18:05:44
657445	168227	103	51.105	3.997	51.105	3.997	1-2	9160	Lokeren	België	2026-05-02 20:00:00	0	2026-05-02 18:06:27	2026-05-02 18:47:12
657446	NULL	NULL	51.146	4.297	NULL	NULL	5-6	9150	Bazel	België	2026-05-02 19:30:00	0	2026-05-02 18:06:52	2026-05-02 18:06:52
657448	168213	11	51.217	4.266	51.217	4.266	1-2	9120	Beveren	België	2026-05-02 18:45:00	0	2026-05-02 18:07:07	2026-05-02 18:43:34
657449	168213	11	51.204	4.242	51.204	4.242	3-4	9120	Beveren-Kruibeke-Zwijndrecht	België	2026-05-02 18:30:00	1	2026-05-02 18:07:18	2026-05-02 18:34:10
657453	NULL	NULL	51.126	4.201	NULL	NULL	5-6	9140	Temse	België	2026-05-02 18:30:00	1	2026-05-02 18:07:57	2026-05-02 18:07:57
657458	NULL	NULL	51.092	4.248	51.092	4.248	1-2	2880	Bornem	België	2026-05-02 19:00:00	1	2026-05-02 18:10:22	2026-05-02 18:10:22
657459	NULL	NULL	51.169	4.16	51.169	4.16	1-2	9100	Sint-Niklaas	België	2026-05-02 19:00:00	0	2026-05-02 18:10:35	2026-05-02 18:10:36
657460	168240	5	51.012	4.059	51.012	4.059	1-2	9200	Dendermonde	België	2026-05-02 19:30:00	0	2026-05-02 18:11:13	2026-05-02 18:32:05
657462	NULL	NULL	51.161	4.134	51.161	4.134	10+	9100	Sint-Niklaas	België	2026-05-02 18:30:00	1	2026-05-02 18:11:35	2026-05-02 18:11:35
657465	168241	10	51.061	4.027	51.061	4.027	5-6	9240	Zele	België	2026-05-02 18:45:00	1	2026-05-02 18:12:23	2026-05-02 18:32:31
657469	168227	103	51.097	4.008	NULL	NULL	1-2	9160	Lokeren	België	2026-05-02 18:30:00	0	2026-05-02 18:13:25	2026-05-02 18:31:06
657472	168259	34	51.161	4.134	NULL	NULL	10+	9100	sint niklaas	België	2026-05-02 19:00:00	0	2026-05-02 18:13:47	2026-05-02 18:50:02
657480	NULL	NULL	51.122	4.205	NULL	NULL	3-4	9140	Temse	België	2026-05-02 18:30:00	1	2026-05-02 18:16:00	2026-05-02 18:16:00
657481	NULL	NULL	51.209	4.347	51.209	4.347	1-2	2070	Beveren-Kruibeke-Zwijndrecht	België	2026-05-02 19:30:00	1	2026-05-02 18:16:22	2026-05-02 18:16:22
657484	NULL	NULL	51.125	4.213	51.125	4.213	1-2	9140	Temse	België	2026-05-02 18:30:00	1	2026-05-02 18:17:12	2026-05-02 18:17:12
657486	NULL	NULL	51.138	4.133	NULL	NULL	3-4	9100	Sint-Niklaas	België	2026-05-02 18:30:00	0	2026-05-02 18:17:46	2026-05-02 18:17:46
657489	NULL	NULL	51.2	4.342	51.2	4.342	1-2	2070	Beveren-Kruibeke-Zwijndrecht	België	2026-05-02 19:00:00	0	2026-05-02 18:19:13	2026-05-02 18:19:13
657492	168240	5	51.032	4.049	51.027	4.039	1-2	9290	Berlare	België	2026-05-02 19:00:00	0	2026-05-02 18:19:54	2026-05-02 18:35:53
657496	NULL	NULL	51.113	4.137	51.113	4.137	5-6	9140	Temse	België	2026-05-02 19:45:00	0	2026-05-02 18:20:21	2026-05-02 18:20:21
657500	168241	10	51.069	4.027	51.069	4.027	5-6	9240	Zele	België	2026-05-02 21:00:00	1	2026-05-02 18:22:14	2026-05-02 19:16:31
657501	168240	5	51.034	4.086	51.034	4.086	1-2	9200	Dendermonde	België	2026-05-02 18:30:00	0	2026-05-02 18:22:53	2026-05-02 18:30:17
657504	NULL	NULL	51.14	4.298	51.14	4.298	3-4	9150	Beveren-Kruibeke-Zwijndrecht	België	2026-05-02 20:45:00	0	2026-05-02 18:23:22	2026-05-02 18:23:22
657507	168233	13	51.103	3.978	51.103	3.978	1-2	9160	Lokeren	België	2026-05-02 18:30:00	1	2026-05-02 18:23:58	2026-05-02 18:28:25
657508	NULL	NULL	51.12	4.187	51.12	4.187	3-4	9140	Temse	België	2026-05-02 18:45:00	0	2026-05-02 18:24:02	2026-05-02 18:24:02
657509	NULL	NULL	51.21	4.33	51.21	4.331	10+	2070	Beveren-Kruibeke-Zwijndrecht	België	2026-05-02 19:15:00	1	2026-05-02 18:24:28	2026-05-02 18:24:28
657511	NULL	NULL	51.098	4.14	51.098	4.14	7-8	9220	Hamme	België	2026-05-02 19:30:00	0	2026-05-02 18:24:45	2026-05-02 18:24:45
657513	NULL	NULL	51.065	4.071	51.065	4.071	3-4	9240	Zele	België	2026-05-02 20:00:00	0	2026-05-02 18:26:14	2026-05-02 18:26:14
657514	NULL	NULL	51.16	4.143	51.16	4.143	1-2	9100	Sint-Niklaas	België	2026-05-02 18:45:00	0	2026-05-02 18:26:23	2026-05-02 18:26:23
657516	NULL	NULL	51.176	4.145	51.176	4.145	5-6	9100	Sint-Niklaas	België	2026-05-02 18:30:00	0	2026-05-02 18:27:06	2026-05-02 18:27:06
657518	NULL	NULL	51.051	4.166	NULL	NULL	1-2	9220	Moerzeke	België	2026-05-02 18:30:00	0	2026-05-02 18:27:14	2026-05-02 18:27:14
657521	NULL	NULL	51.131	4.194	51.131	4.194	1-2	9140	Temse	België	2026-05-02 19:30:00	0	2026-05-02 18:27:50	2026-05-02 18:27:50
657523	168240	5	51.036	4.1	51.036	4.1	1-2	9200	Dendermonde	België	2026-05-02 19:30:00	0	2026-05-02 18:30:02	2026-05-02 18:30:38
657524	NULL	NULL	51.063	4.033	NULL	NULL	3-4	9240	Zele	België	2026-05-02 18:30:00	1	2026-05-02 18:30:06	2026-05-02 18:30:06
657525	168213	11	51.227	4.287	51.227	4.287	1-2	9120	Beveren-Kruibeke-Zwijndrecht	België	2026-05-02 19:45:00	0	2026-05-02 18:30:11	2026-05-02 19:06:41
657526	NULL	NULL	51.223	4.189	51.227	4.185	3-4	9120	Beveren-Kruibeke-Zwijndrecht	België	2026-05-02 20:00:00	0	2026-05-02 18:30:33	2026-05-02 18:30:33
657528	168240	5	51.016	4.108	51.016	4.108	3-4	9200	Dendermonde	België	2026-05-02 18:45:00	1	2026-05-02 18:31:03	2026-05-02 18:31:42
657533	168213	11	51.218	4.269	51.218	4.269	5-6	9120	Beveren-Kruibeke-Zwijndrecht	België	2026-05-02 19:15:00	0	2026-05-02 18:32:44	2026-05-02 18:53:26
657537	NULL	NULL	51.122	4.205	NULL	NULL	3-4	9140	Temse	België	2026-05-02 19:00:00	0	2026-05-02 18:34:17	2026-05-02 18:34:17
657539	168259	34	51.18	4.162	51.18	4.162	7-8	9100	Sint-Niklaas	België	2026-05-02 19:15:00	0	2026-05-02 18:34:35	2026-05-02 19:03:34
657540	NULL	NULL	51.127	4.199	51.127	4.199	1-2	9140	Temse	België	2026-05-02 19:00:00	0	2026-05-02 18:34:40	2026-05-02 18:34:40
657544	NULL	NULL	51.094	4.105	51.094	4.105	1-2	9220	Hamme	België	2026-05-02 19:00:00	0	2026-05-02 18:35:29	2026-05-02 18:35:29
657547	NULL	NULL	51.094	4.303	51.094	4.303	3-4	2880	Bornem	België	2026-05-02 20:00:00	0	2026-05-02 18:35:50	2026-05-02 18:35:50
657548	NULL	NULL	51.073	4.034	51.073	4.034	1-2	9240	Zele	België	2026-05-02 19:00:00	0	2026-05-02 18:36:20	2026-05-02 18:36:20
657550	NULL	NULL	51.062	4.032	NULL	NULL	1-2	9240	Zele	België	2026-05-02 19:15:00	1	2026-05-02 18:36:39	2026-05-02 18:36:39
657555	NULL	NULL	51.223	4.189	51.223	4.189	3-4	9120	Beveren-Kruibeke-Zwijndrecht	België	2026-05-02 19:00:00	0	2026-05-02 18:37:09	2026-05-02 18:37:09
657563	NULL	NULL	51.097	4.268	51.097	4.268	5-6	2880	Bornem	België	2026-05-02 19:15:00	0	2026-05-02 18:41:26	2026-05-02 18:41:26
657564	NULL	NULL	51.094	4.243	51.094	4.243	1-2	2880	Bornem	België	2026-05-02 19:15:00	0	2026-05-02 18:41:39	2026-05-02 18:41:39
657565	NULL	NULL	51.097	4.268	51.097	4.268	3-4	2880	Bornem	België	2026-05-02 19:00:00	0	2026-05-02 18:41:42	2026-05-02 18:41:42
657566	NULL	NULL	51.097	4.238	51.097	4.238	1-2	2880	Bornem	België	2026-05-02 19:30:00	0	2026-05-02 18:41:47	2026-05-02 18:41:47
657572	168240	5	51.009	4.104	51.009	4.104	10+	9200	Dendermonde	België	2026-05-02 19:30:00	0	2026-05-02 18:43:13	2026-05-02 18:49:07
657573	NULL	NULL	51.201	4.232	51.201	4.232	5-6	9120	Beveren	België	2026-05-02 19:30:00	0	2026-05-02 18:43:13	2026-05-02 18:43:13
657574	NULL	NULL	51.21	4.33	51.21	4.33	10+	2070	Beveren-Kruibeke-Zwijndrecht	België	2026-05-02 19:15:00	0	2026-05-02 18:43:21	2026-05-02 18:43:21
657575	168240	5	51.009	4.104	51.009	4.104	10+	9200	Dendermonde	België	2026-05-02 19:15:00	0	2026-05-02 18:43:26	2026-05-02 18:49:09
657577	168240	5	51.009	4.104	51.009	4.104	10+	9200	Dendermonde	België	2026-05-02 19:30:00	0	2026-05-02 18:43:48	2026-05-02 18:49:12
657580	NULL	NULL	51.126	4.289	51.126	4.289	1-2	9150	Beveren-Kruibeke-Zwijndrecht	België	2026-05-02 19:15:00	1	2026-05-02 18:45:22	2026-05-02 18:45:22
657581	168258	101	51.157	4.146	51.157	4.146	1-2	9100	Sint-Niklaas	België	2026-05-02 20:00:00	0	2026-05-02 18:45:41	2026-05-02 19:53:39
657594	NULL	NULL	51.097	4.249	NULL	NULL	10+	2880	Bornem	België	2026-05-02 19:00:00	0	2026-05-02 18:49:26	2026-05-02 18:49:26
657598	NULL	NULL	51.206	4.341	51.206	4.341	3-4	2070	Beveren-Kruibeke-Zwijndrecht	België	2026-05-02 20:30:00	0	2026-05-02 18:50:15	2026-05-02 18:50:15
657599	NULL	NULL	51.065	4.071	NULL	NULL	3-4	9240	Zele	België	2026-05-02 20:00:00	0	2026-05-02 18:50:22	2026-05-02 18:50:22
657600	NULL	NULL	51.209	4.349	NULL	NULL	1-2	2070	Burcht	België	2026-05-02 20:00:00	0	2026-05-02 18:50:28	2026-05-02 18:50:28
657602	NULL	NULL	51.213	4.242	NULL	NULL	3-4	9120	Beveren	België	2026-05-02 19:15:00	0	2026-05-02 18:51:33	2026-05-02 18:51:33
657603	168227	103	51.095	3.998	NULL	NULL	1-2	9160	Lokeren	Belgie	2026-05-02 19:15:00	0	2026-05-02 18:51:44	2026-05-02 18:54:02
657604	NULL	NULL	51.062	4.022	51.062	4.022	3-4	9240	Zele	België	2026-05-02 19:15:00	1	2026-05-02 18:51:53	2026-05-02 18:51:53
657609	NULL	NULL	51.21	4.33	51.21	4.33	10+	2070	Beveren-Kruibeke-Zwijndrecht	België	2026-05-02 19:15:00	0	2026-05-02 18:53:05	2026-05-02 18:53:05
657612	NULL	NULL	51.138	4.214	51.138	4.214	5-6	9140	Temse	België	2026-05-02 19:15:00	1	2026-05-02 18:54:14	2026-05-02 18:54:14
657618	NULL	NULL	51.059	4.013	NULL	NULL	5-6	9240	Zele	België	2026-05-02 19:15:00	0	2026-05-02 18:56:59	2026-05-02 18:56:59
657620	168258	101	51.154	4.165	51.154	4.165	3-4	9100	Sint-Niklaas	België	2026-05-02 19:30:00	1	2026-05-02 18:57:54	2026-05-02 19:10:10
657626	NULL	NULL	51.059	4.016	51.059	4.016	5-6	9240	Zele	België	2026-05-02 19:00:00	0	2026-05-02 19:00:10	2026-05-02 19:00:10
657628	NULL	NULL	51.21	4.33	NULL	NULL	10+	2070	Zwijndrecht	België	2026-05-02 21:59:00	0	2026-05-02 19:01:23	2026-05-02 19:01:23
657630	NULL	NULL	51.21	4.33	51.21	4.33	10+	2070	Zwijndrecht	België	2026-05-02 19:30:00	0	2026-05-02 19:02:20	2026-05-02 19:02:20
657631	NULL	NULL	51.062	4.022	51.062	4.021	3-4	9240	Zele	België	2026-05-02 20:00:00	1	2026-05-02 19:02:26	2026-05-02 19:02:26
657642	NULL	NULL	51.146	4.298	51.146	4.298	5-6	9150	Beveren-Kruibeke-Zwijndrecht	België	2026-05-02 20:00:00	0	2026-05-02 19:06:38	2026-05-02 19:06:38
657647	168227	103	51.114	3.996	51.114	3.995	3-4	9160	Lokeren	België	2026-05-02 19:30:00	1	2026-05-02 19:07:14	2026-05-02 19:11:31
657648	NULL	NULL	51.146	4.297	NULL	NULL	5-6	9150	Bazel	België	2026-05-02 20:00:00	0	2026-05-02 19:07:57	2026-05-02 19:07:57
657649	NULL	NULL	51.094	4.304	51.094	4.303	1-2	2880	Bornem	België	2026-05-02 20:15:00	0	2026-05-02 19:10:11	2026-05-02 19:10:11
657651	NULL	NULL	51.012	4.059	51.012	4.059	1-2	9200	Dendermonde	België	2026-05-02 20:00:00	0	2026-05-02 19:11:51	2026-05-02 19:11:51
657656	168213	11	51.217	4.296	51.217	4.296	3-4	9120	Beveren-Kruibeke-Zwijndrecht	België	2026-05-02 19:45:00	0	2026-05-02 19:13:43	2026-05-02 19:19:20
657660	NULL	NULL	51.099	4.137	51.099	4.137	7-8	9220	Hamme	België	2026-05-02 19:45:00	0	2026-05-02 19:17:19	2026-05-02 19:17:19
657662	NULL	NULL	51.209	4.347	51.209	4.347	1-2	2070	Beveren-Kruibeke-Zwijndrecht	België	2026-05-02 19:45:00	0	2026-05-02 19:17:52	2026-05-02 19:17:52
657673	NULL	NULL	51.103	4.303	51.103	4.303	9-10	2880	Bornem	België	2026-05-02 21:59:00	0	2026-05-02 19:27:22	2026-05-02 19:27:22
657679	NULL	NULL	51.065	4.071	51.065	4.071	3-4	9240	Zele	België	2026-05-02 20:30:00	0	2026-05-02 19:31:05	2026-05-02 19:31:05
657683	NULL	NULL	51.009	4.104	51.009	4.104	10+	9200	Dendermonde	België	2026-05-02 21:00:00	0	2026-05-02 19:34:47	2026-05-02 19:34:48
657684	NULL	NULL	51.009	4.104	51.009	4.104	10+	9200	Dendermonde	België	2026-05-02 20:30:00	0	2026-05-02 19:35:27	2026-05-02 19:35:27
657689	168233	13	51.141	4.071	51.141	4.07	3-4	9111	Sint-Niklaas	België	2026-05-02 20:00:00	1	2026-05-02 19:38:38	2026-05-02 19:42:00
657701	NULL	NULL	51.101	3.991	51.101	3.991	1-2	9160	Lokeren	België	2026-05-02 21:59:00	0	2026-05-02 20:39:33	2026-05-02 20:39:33
